<?xml version="1.0"?>
<!--<!DOCTYPE metadata SYSTEM "http://www.esri.com/metadata/esriprof80.dtd">-->
<metadata xml:lang="en"><Esri><CreaDate>20110217</CreaDate><CreaTime>14221200</CreaTime><SyncOnce>TRUE</SyncOnce><DataProperties><lineage><Process ToolSource="C:\Program Files\ArcGIS\ArcToolbox\Toolboxes\Data Management Tools.tbx\DeleteField" Date="20091021" Time="125945">DeleteField D:\GISdata\ATLAS\soilAtlas2M\shapes\csiro2mg.shp DIVN;DIVN_DESC;SUBDV;SUBDV_DESC;SUBDV_SUMM;SECTION;CLASS;PPF;SYMBOL D:\GISdata\ATLAS\soilAtlas2M\shapes\csiro2mg.shp</Process><Process ToolSource="C:\Program Files\ArcGIS\ArcToolbox\Toolboxes\Data Management Tools.tbx\DeleteField" Date="20091021" Time="130031">DeleteField D:\GISdata\ATLAS\soilAtlas2M\shapes\csiro2mg.shp CSIRO2MG_;CSIRO2MG_I D:\GISdata\ATLAS\soilAtlas2M\shapes\csiro2mg.shp</Process><Process ToolSource="C:\Program Files\ArcGIS\Desktop10.0\ArcToolbox\Toolboxes\Data Management Tools.tbx\Project" Date="20110217" Time="142217">Project T:\atlas\Project\AGD66\soilAtlas2M.shp T:\atlas\Project\GDA94\soilAtlas2M.shp GEOGCS['GCS_GDA_1994',DATUM['D_GDA_1994',SPHEROID['GRS_1980',6378137.0,298.257222101]],PRIMEM['Greenwich',0.0],UNIT['Degree',0.0174532925199433]] AGD_1966_To_GDA_1994 GEOGCS['GCS_Australian_1966',DATUM['D_Australian_1966',SPHEROID['Australian',6378160.0,298.25]],PRIMEM['Greenwich',0.0],UNIT['Degree',0.0174532925199433]]</Process></lineage></DataProperties><ArcGISFormat>1.0</ArcGISFormat></Esri><idinfo><citation><citeinfo><onlink Sync="TRUE">\\REDDALE-BU\GISdata\ATLAS\soilAtlas2M\shapes\csiro2mg</onlink></citeinfo></citation></idinfo><distInfo><distributor><distorTran><onLineSrc><linkage Sync="TRUE">file://\\REDDALE-BU\GISdata\ATLAS\soilAtlas2M\shapes\csiro2mg</linkage><protocol Sync="TRUE">Local Area Network</protocol></onLineSrc></distorTran></distributor></distInfo><dataqual><lineage><procstep><procdesc Sync="TRUE">Dataset moved.</procdesc><srcused Sync="TRUE">D:\GISdata\ATLAS\BRS_downloads_20091020\shapes\csiro2mg</srcused><procdate Sync="TRUE">20091021</procdate><proctime Sync="TRUE">12511500</proctime></procstep></lineage></dataqual></metadata>
